,,Price USD,Price USD
,,sum,count
Item Name, Type,,
USP-S | Forest Leaves,sale,0.1,1
USP-S | Black Lotus,sale,0.4,1
UMP-45 | Gunsmoke,sale,0.07,1
UMP-45 | Facility Dark,purchase,0.08,2
UMP-45 | Carbon Fiber,sale,0.25,2
The Elite Mr. Muhlik | Elite Crew,purchase,45.31,2
Tec-9 | Urban DDPAT,purchase,0.1,2
Tec-9 | Sandstorm,sale,0.12,1
Tec-9 | Sandstorm,purchase,1.5,10
Tec-9 | Red Quartz,sale,1.6199999999999999,9
Tec-9 | Red Quartz,purchase,2.3000000000000003,10
Tec-9 | Isaac,sale,2.6100000000000003,2
Tec-9 | Groundwater,sale,0.02,1
Tec-9 | Brother,sale,0.69,1
Stockholm 2021 Nuke Souvenir Package,sale,5.2,2
Stockholm 2021 Champions Autograph Capsule,sale,58.089999999999996,199
Stockholm 2021 Ancient Souvenir Package,sale,2.8,1
"Sticker | ropz (Glitter, Champion) | Antwerp 2022",sale,0.04,1
Sticker | electroNic (Holo) | Stockholm 2021,sale,0.05,1
Sticker | Vitality (Holo) | Paris 2023,sale,5.8999999999999995,10
Sticker | Vitality (Holo) | Paris 2023,purchase,32.31,10
Sticker | Vitality (Glitter) | Antwerp 2022,sale,0.05,1
"Sticker | Twistzz (Gold, Champion) | Antwerp 2022",sale,7.0,1
Sticker | Team Liquid (Holo) | Paris 2023,sale,5.67,7
Sticker | Team Liquid (Holo) | Paris 2023,purchase,25.89,7
Sticker | Taste Bud,sale,1.0,4
Sticker | Spirit (Holo) | 2020 RMR,sale,2.0,4
Sticker | PGL | Antwerp 2022,sale,0.01,1
Sticker | Outsiders (Holo) | Rio 2022,sale,10.36,4
Sticker | Outsiders (Holo) | Rio 2022,purchase,49.56,4
Sticker | Lefty (T),sale,0.2,4
Sticker | Lefty (CT),sale,0.16,4
Sticker | GODSENT | 2020 RMR,sale,0.03,1
Sticker | G2 | 2020 RMR,sale,0.03,1
Sticker | G2 Esports | Antwerp 2022,sale,0.01,1
Sticker | G2 Esports (Glitter) | Antwerp 2022,sale,0.25,1
Sticker | G2 (Holo) | 2020 RMR,sale,0.15,1
Sticker | From The Deep,sale,0.96,3
Sticker | Fly High,sale,0.42,2
Sticker | Flex,sale,1.38,2
Sticker | FaZe Clan (Holo) | Paris 2023,sale,6.949999999999999,5
Sticker | FaZe Clan (Holo) | Paris 2023,purchase,12.79,5
Sticker | FaZe Clan (Glitter) | Antwerp 2022,sale,0.18,1
Sticker | ENCE | Antwerp 2022,sale,0.01,1
Sticker | ENCE (Glitter) | Antwerp 2022,sale,0.04,1
Sticker | Copenhagen Flames (Holo) | Stockholm 2021,purchase,4.85,1
Sticker | Cloud9 | Antwerp 2022,sale,0.04,2
Sticker | Blinky,sale,0.81,3
Sticker | Bad News Eagles (Glitter) | Antwerp 2022,sale,0.1,1
Sticker | Astralis (Holo) | 2020 RMR,sale,0.32,1
"StatTrak™ Music Kit | Meechy Darko, Gothic Luxury",purchase,3.54,1
StatTrak™ M4A4 | Magnesium,sale,3.66,1
StatTrak™ Dual Berettas | Elite 1.6,sale,0.15,1
StatTrak™ AUG | Triqua,sale,0.09,1
Spectrum 2 Case,sale,0.16,3
Spectrum 2 Case,purchase,0.66,1
Snakebite Case,purchase,32.0,100
Snakebite Case,sale,49.529999999999994,130
Sir Bloody Silent Darryl | The Professionals,sale,3.3,1
Sir Bloody Miami Darryl | The Professionals,sale,11.05,1
Shanghai 2024 Mirage Souvenir Package,sale,9.57,3
Shanghai 2024 Legends Sticker Capsule,sale,6.6000000000000005,12
Shanghai 2024 Dust II Souvenir Package,sale,6.98,2
Shanghai 2024 Contenders Sticker Capsule,sale,73.78,57
Shanghai 2024 Contenders Autograph Capsule,sale,22.799999999999997,78
Shanghai 2024 Champions Autograph Capsule,sale,17.14,58
Shanghai 2024 Challengers Sticker Capsule,sale,20.720000000000002,37
Sealed Graffiti | Toasted (Monster Purple),sale,0.01,1
Sealed Graffiti | Take Flight (Frog Green),sale,0.01,1
Sealed Graffiti | Sorry (Brick Red),sale,0.01,1
Sealed Graffiti | Sheriff (Wire Blue),sale,0.01,1
Sealed Graffiti | Quickdraw (Shark White),sale,0.01,1
Sealed Graffiti | Popdog (Monster Purple),sale,0.01,1
Sealed Graffiti | Popdog (Frog Green),sale,0.01,1
Sealed Graffiti | Piggles (Princess Pink),sale,0.01,1
Sealed Graffiti | NaCl (Shark White),sale,0.02,2
Sealed Graffiti | Karambit (Wire Blue),sale,0.01,1
Sealed Graffiti | Karambit (War Pig Pink),sale,0.01,1
Sealed Graffiti | Karambit (SWAT Blue),sale,0.01,1
Sealed Graffiti | Karambit (Frog Green),sale,0.01,1
Sealed Graffiti | Jump Shot (Cash Green),sale,0.01,1
Sealed Graffiti | Death Sentence (Princess Pink),sale,0.01,1
Sealed Graffiti | Death Sentence (Monster Purple),sale,0.01,1
Sealed Graffiti | Cocky (War Pig Pink),sale,0.01,1
Sealed Graffiti | Cocky (Frog Green),sale,0.01,1
Sawed-Off | Snake Camo,sale,0.09,1
Safecracker Voltzmann | The Professionals,sale,111.53,3
Safecracker Voltzmann | The Professionals,purchase,90.76,4
SSG 08 | Hand Brake,sale,0.93,1
SSG 08 | Blue Spruce,sale,0.02,1
SG 553 | Army Sheen,purchase,0.14,2
SCAR-20 | Magna Carta,sale,12.15,1
SCAR-20 | Contractor,sale,0.02,1
Rio 2022 Mirage Souvenir Package,sale,8.64,5
Rio 2022 Legends Sticker Capsule,sale,66.24,131
Rio 2022 Legends Sticker Capsule,purchase,5.6000000000000005,7
Rio 2022 Dust II Souvenir Package,sale,435.97,88
Rio 2022 Dust II Souvenir Package,purchase,184.79999999999998,17
Rio 2022 Contenders Sticker Capsule,sale,51.5,120
Rio 2022 Champions Autograph Capsule,sale,34.92,60
Rio 2022 Challengers Sticker Capsule,sale,42.2,100
Revolution Case,sale,12.83,13
Revolution Case,purchase,1.15,1
Recoil Case,sale,192.33,543
Recoil Case,purchase,121.30000000000001,626
R8 Revolver | Crazy 8,sale,2.0,1
Prisma Case,sale,8.24,23
Prisma 2 Case,sale,19.790000000000003,39
PP-Bizon | Urban Dashed,sale,0.02,1
P90 | Verdant Growth,sale,2.09,1
P90 | Teardown,sale,0.8700000000000001,2
P90 | Sand Spray,sale,0.01,1
P90 | Nostalgia,sale,3.95,1
P90 | Module,sale,1.65,2
P250 | Metallic DDPAT,sale,0.3,1
P250 | Facility Draft,sale,0.01,1
P2000 | Urban Hazard,purchase,0.7000000000000001,10
P2000 | Urban Hazard,sale,0.06,1
P2000 | Lifted Spirits,sale,0.08,1
Operation Riptide Case,sale,14.42,30
Operation Broken Fang Premium Pass,sale,14.0,1
Operation Broken Fang Case,sale,7.62,6
Operation Breakout Weapon Case,purchase,6.55,1
Nova | Wild Six,sale,0.25,1
Nova | Caged Steel,sale,0.17,1
Nova | Army Sheen,sale,0.08,1
MP9 | Orange Peel,sale,0.11,2
MP7 | Vault Heist,sale,0.45,1
MP7 | Prey,sale,0.1,1
MP7 | Powercore,sale,1.14,1
MP7 | Army Recon,sale,0.01,1
MP7 | Anodized Navy,sale,0.89,1
MP5-SD | Nitro,sale,1.69,1
MP5-SD | Co-Processor,sale,0.33,1
MAG-7 | Popdog,sale,0.05,1
MAG-7 | Carbon Fiber,sale,1.82,1
MAC-10 | Tatter,sale,6.9,1
MAC-10 | Palm,sale,0.08,1
MAC-10 | Monkeyflage,sale,0.07,1
MAC-10 | Classic Crate,sale,0.08,1
MAC-10 | Candy Apple,sale,0.11,1
MAC-10 | Allure,sale,1.2,1
M4A4 | Urban DDPAT,sale,0.12,1
M4A1-S | Hyper Beast,sale,34.5,1
M4A1-S | Decimator,sale,8.6,1
M249 | Midnight Palm,sale,0.23,1
Kilowatt Case,sale,11.53,3
Kilowatt Case,purchase,79.44,148
Huntsman Weapon Case,purchase,18.28,4
Horizon Case,sale,0.12,2
Glove Case,sale,0.04,1
Glock-18 | Off World,sale,0.08,1
Glock-18 | Moonrise,sale,0.4,1
Gamma 2 Case,sale,0.01,1
Gallery Case,sale,64.8,70
G3SG1 | Green Apple,sale,0.12,1
G3SG1 | Desert Storm,sale,0.13,2
Fracture Case,sale,59.08,120
Fracture Case,purchase,38.42,63
Fever Case,sale,42.800000000000004,40
FAMAS | Sergeant,sale,0.85,1
FAMAS | CaliCamo,sale,3.41,2
Dual Berettas | Stained,sale,0.08,1
Dual Berettas | Drift Wood,sale,1.31,1
Dreams & Nightmares Case,purchase,365.57,380
Dreams & Nightmares Case,sale,443.13,412
Desert Eagle | Mudder,sale,0.08,1
Danger Zone Case,sale,52.440000000000005,80
Danger Zone Case,purchase,29.900000000000002,46
Copenhagen 2024 Mirage Souvenir Package,sale,80.53,25
Copenhagen 2024 Legends Sticker Capsule,sale,115.34,226
Copenhagen 2024 Legends Autograph Capsule,sale,8.8,22
Copenhagen 2024 Champions Autograph Capsule,sale,15.659999999999998,54
Clutch Case,sale,37.3,64
Clutch Case,purchase,42.34,53
Chef d'Escadron Rouchard | Gendarmerie Nationale,sale,3.15,1
CZ75-Auto | Circaetus,sale,0.08,1
CS20 Case,sale,4.79,14
CS20 Case,purchase,1.67,9
Bio-Haz Specialist | SWAT,sale,2.3,1
Austin 2025 Mirage Souvenir Highlight Package,sale,102.75,17
Antwerp 2022 Mirage Souvenir Package,sale,9.0,3
Antwerp 2022 Legends Sticker Capsule,sale,23.78,119
Antwerp 2022 Dust II Souvenir Package,sale,24.529999999999998,3
Antwerp 2022 Challengers Sticker Capsule,sale,19.39,114
AWP | Neo-Noir,sale,35.99,1
AWP | Acheron,sale,5.85,1
AUG | Amber Slipstream,purchase,2.89,10
AK-47 | Slate,purchase,15.9,5
AK-47 | Slate,sale,16.6,5
AK-47 | Fuel Injector,sale,113.0,1
2020 RMR Contenders,purchase,2.44,4
